{"cameraMode":{"drawMode":0,"name":"Shaded","section":"Shading Mode"},"sceneLighting":false,"audioPlay":false,"sceneViewState":{"showFog":true,"showMaterialUpdate":false,"showSkybox":false,"showFlares":true,"showImageEffects":true,"showParticleSystems":true},"in2DMode":false,"pivot":{"x":18.394184112548829,"y":1.3452372550964356,"z":16.04629135131836},"rotation":{"x":0.1647365689277649,"y":-0.3517064154148102,"z":0.0630381777882576,"w":0.9193686246871948},"size":4.973159313201904,"orthographic":false}