{"cameraMode":{"drawMode":0,"name":"Shaded","section":"Shading Mode"},"sceneLighting":true,"audioPlay":false,"sceneViewState":{"showFog":true,"showMaterialUpdate":false,"showSkybox":true,"showFlares":true,"showImageEffects":true,"showParticleSystems":true},"in2DMode":false,"pivot":{"x":12.106468200683594,"y":7.086123466491699,"z":-2.465641975402832},"rotation":{"x":-0.10314037650823593,"y":0.8435757756233215,"z":-0.17505358159542085,"w":-0.49710679054260256},"size":2.2083559036254885,"orthographic":false}