{"cameraMode":{"drawMode":0,"name":"Shaded","section":"Shading Mode"},"sceneLighting":true,"audioPlay":false,"sceneViewState":{"showFog":true,"showMaterialUpdate":false,"showSkybox":true,"showFlares":true,"showImageEffects":true,"showParticleSystems":true},"in2DMode":false,"pivot":{"x":2.600076913833618,"y":1.0831701755523682,"z":5.802879333496094},"rotation":{"x":0.20657430589199067,"y":-0.33759450912475588,"z":0.07620195299386978,"w":0.9151778817176819},"size":11.918853759765625,"orthographic":false}