{"cameraMode":{"drawMode":0,"name":"Shaded","section":"Shading Mode"},"sceneLighting":true,"audioPlay":false,"sceneViewState":{"showFog":true,"showMaterialUpdate":false,"showSkybox":true,"showFlares":true,"showImageEffects":true,"showParticleSystems":true},"in2DMode":false,"pivot":{"x":4.226803779602051,"y":2.072237253189087,"z":1.6802623271942139},"rotation":{"x":0.10878768563270569,"y":-0.8859239220619202,"z":0.26330798864364626,"w":0.3660249412059784},"size":5.387372016906738,"orthographic":false}