{"cameraMode":{"drawMode":0,"name":"Shaded","section":"Shading Mode"},"sceneLighting":false,"audioPlay":false,"sceneViewState":{"showFog":true,"showMaterialUpdate":false,"showSkybox":false,"showFlares":true,"showImageEffects":true,"showParticleSystems":true},"in2DMode":false,"pivot":{"x":0.1634998321533203,"y":1.1329998970031739,"z":1.1537678241729737},"rotation":{"x":0.15403130650520326,"y":-0.8459208011627197,"z":0.35605359077453616,"w":0.36595138907432558},"size":20.69634246826172,"orthographic":false}